{"1_engine": 0.215826153755188, "2_machinery-impact": 0.0650242306292057, "3_non-machinery-impact": 0.0666104108095169, "4_powered-saw": 0.052922073751688004, "5_alert-signal": 0.08313770964741707, "6_music": 0.07464386522769928, "7_human-voice": 0.05994190648198128, "8_dog": 0.024377065245062113}