{"1_engine": 0.15002556145191193, "2_machinery-impact": 0.026357466354966164, "3_non-machinery-impact": 0.04001164808869362, "4_powered-saw": 0.018485798500478268, "5_alert-signal": 0.03892031870782375, "6_music": 0.03160429745912552, "7_human-voice": 0.03179384395480156, "8_dog": 0.01541958237066865}