{"1_engine": 0.13901688158512115, "2_machinery-impact": 0.021766573842614892, "3_non-machinery-impact": 0.03644861057400704, "4_powered-saw": 0.015535961370915174, "5_alert-signal": 0.03573561161756515, "6_music": 0.0250227726995945, "7_human-voice": 0.028115145862102512, "8_dog": 0.013693302171304822}