{"1_engine": 0.09106308966875076, "2_machinery-impact": 0.012411703122779727, "3_non-machinery-impact": 0.02343924157321453, "4_powered-saw": 0.009590663481503725, "5_alert-signal": 0.022918193601071835, "6_music": 0.012987247202545404, "7_human-voice": 0.01870451495051384, "8_dog": 0.01005711522884667}