{"1_engine": 0.06376199424266815, "2_machinery-impact": 0.0071404792834073305, "3_non-machinery-impact": 0.014065026491880416, "4_powered-saw": 0.005451436620205641, "5_alert-signal": 0.013994732312858103, "6_music": 0.007028780318796635, "7_human-voice": 0.012728437781333923, "8_dog": 0.006289902841672301}