{"1_engine": 0.18965131044387817, "2_machinery-impact": 0.04254055004566909, "3_non-machinery-impact": 0.05310560688376427, "4_powered-saw": 0.029934056103229523, "5_alert-signal": 0.06209019217640161, "6_music": 0.048507018759846685, "7_human-voice": 0.04585420563817024, "8_dog": 0.019963090773671865}