{"1_engine": 0.12631361186504364, "2_machinery-impact": 0.018664618581533433, "3_non-machinery-impact": 0.03295840620994568, "4_powered-saw": 0.013536402955651283, "5_alert-signal": 0.03264174237847328, "6_music": 0.021905363723635676, "7_human-voice": 0.02534390278160572, "8_dog": 0.012888721190392971}