{"1_engine": 0.16144484281539917, "2_machinery-impact": 0.03194114584475756, "3_non-machinery-impact": 0.04453878477215767, "4_powered-saw": 0.020772896241396666, "5_alert-signal": 0.04510144051164389, "6_music": 0.03749581985175611, "7_human-voice": 0.03581885695457459, "8_dog": 0.017566955648362637}