{"1_engine": 0.33267924189567566, "2_machinery-impact": 0.1886417880654337, "3_non-machinery-impact": 0.14986087083816532, "4_powered-saw": 0.17979342490434647, "5_alert-signal": 0.18532693833112715, "6_music": 0.17624949812889096, "7_human-voice": 0.22416678071022045, "8_dog": 0.04323962517082691}