{"1_engine": 0.24980974197387695, "2_machinery-impact": 0.08174786418676377, "3_non-machinery-impact": 0.08501893877983095, "4_powered-saw": 0.06645764410495758, "5_alert-signal": 0.1109477534890175, "6_music": 0.09653634130954743, "7_human-voice": 0.07738534659147267, "8_dog": 0.026632020249962807}