{"1_engine": 0.17287933826446533, "2_machinery-impact": 0.03714916259050369, "3_non-machinery-impact": 0.04812263250350952, "4_powered-saw": 0.025496698915958405, "5_alert-signal": 0.0508487269282341, "6_music": 0.04118465483188629, "7_human-voice": 0.03962494879961012, "8_dog": 0.01876012049615383}