{"1_engine": 0.05451947823166847, "2_machinery-impact": 0.005783227505162358, "3_non-machinery-impact": 0.008745983242988586, "4_powered-saw": 0.0037775253877043724, "5_alert-signal": 0.008368365559726953, "6_music": 0.00506391995586455, "7_human-voice": 0.010292814858257771, "8_dog": 0.005474521778523922}