{"1_engine": 0.40358105301856995, "2_machinery-impact": 0.25560439229011533, "3_non-machinery-impact": 0.20206407606601712, "4_powered-saw": 0.34548694640398026, "5_alert-signal": 0.23756945431232415, "6_music": 0.3022960513830182, "7_human-voice": 0.4851170837879179, "8_dog": 0.10898985527455807}