{"1_engine": 0.09735119342803955, "2_machinery-impact": 0.013788633234798908, "3_non-machinery-impact": 0.027530759572982785, "4_powered-saw": 0.01045077433809638, "5_alert-signal": 0.025412023440003394, "6_music": 0.015573929622769357, "7_human-voice": 0.020569749921560288, "8_dog": 0.01063782349228859}