{"1_engine": 0.08525292575359344, "2_machinery-impact": 0.011126395873725416, "3_non-machinery-impact": 0.021012017503380775, "4_powered-saw": 0.008305450901389122, "5_alert-signal": 0.020936810970306398, "6_music": 0.01022925339639187, "7_human-voice": 0.018264563381671907, "8_dog": 0.00881902314722538}