{"1_engine": 0.20659519731998444, "2_machinery-impact": 0.054706599563360214, "3_non-machinery-impact": 0.05843410715460777, "4_powered-saw": 0.04003230668604374, "5_alert-signal": 0.07361580207943916, "6_music": 0.058924832195043554, "7_human-voice": 0.053719318658113455, "8_dog": 0.021716460585594177}