{"1_engine": 0.10975094139575958, "2_machinery-impact": 0.017177811358124018, "3_non-machinery-impact": 0.029627320542931556, "4_powered-saw": 0.012250022031366825, "5_alert-signal": 0.029603090044111012, "6_music": 0.018582005053758618, "7_human-voice": 0.022299485281109806, "8_dog": 0.011220339452847838}