{"1_engine": 0.07525496184825897, "2_machinery-impact": 0.009206466609612107, "3_non-machinery-impact": 0.017862532287836075, "4_powered-saw": 0.006319035543128848, "5_alert-signal": 0.017782988119870422, "6_music": 0.008616917673498392, "7_human-voice": 0.015124269761145115, "8_dog": 0.0074616019846871495}