{"1_engine": 0.27580830454826355, "2_machinery-impact": 0.11013542190194127, "3_non-machinery-impact": 0.10618841499090187, "4_powered-saw": 0.08771973289549351, "5_alert-signal": 0.12543815150856974, "6_music": 0.1246894896030426, "7_human-voice": 0.11446785181760788, "8_dog": 0.034517127089202404}